date,Energy,Financials,Health_Care,Consumer_Discretionary,Industrial,Materials,Technology,Utilities,Consumer_Staples,REIT
2000-01-01,13.73921012878418,11.262170791625977,20.805288314819336,22.47834014892578,18.318471908569336,14.739736557006836,41.48851776123047,11.339872360229492,12.474515914916992,16.64982795715332
2000-02-01,14.094813346862793,11.416021347045898,20.944786071777344,21.032636642456055,17.14751625061035,13.480380058288574,38.63532257080078,11.333420753479004,12.611597061157227,16.64982795715332
2000-03-01,13.868510246276855,10.277497291564941,19.485509872436523,18.945695877075195,16.224653244018555,11.786458969116211,42.236900329589844,10.46856689453125,11.146525382995605,16.64982795715332
2000-04-01,15.471903800964355,12.56973934173584,21.052082061767578,22.533870697021484,18.664520263671875,13.53903579711914,43.406246185302734,11.196822166442871,12.2051362991333,16.64982795715332
2000-05-01,15.228629112243652,11.8362398147583,20.88040542602539,22.078277587890625,19.29098129272461,12.658954620361328,41.74577331542969,11.853544235229492,12.445796966552734,16.64982795715332
2000-06-01,16.590932846069336,12.785923957824707,20.129314422607422,20.419490814208984,18.923057556152344,12.312255859375,38.541770935058594,11.912065505981445,13.202167510986328,16.64982795715332
2000-07-01,15.921537399291992,11.993355751037598,20.258066177368164,19.42860221862793,18.274642944335938,11.539499282836914,40.833683013916016,11.766467094421387,13.93909740447998,16.64982795715332
2000-08-01,15.505979537963867,12.899825096130371,20.17222785949707,19.756315231323242,18.45400619506836,11.334068298339844,37.95708084106445,11.85818862915039,13.852951049804688,16.64982795715332
2000-09-01,17.05413246154785,13.883777618408203,20.68726348876953,19.04238510131836,20.307376861572266,11.468039512634277,42.33047103881836,12.198859214782715,13.163748741149902,16.64982795715332
2000-10-01,17.51248550415039,14.62513542175293,20.21514892578125,18.397388458251953,19.3436279296875,10.20595932006836,34.44903564453125,13.726950645446777,13.801863670349121,16.64982795715332
2000-11-01,17.234249114990234,14.236588478088379,20.39755630493164,18.60858726501465,20.003063201904297,11.275070190429688,32.08694839477539,14.35450267791748,14.770425796508789,16.64982795715332
2000-12-01,16.170408248901367,13.490559577941895,18.541288375854492,18.021940231323242,19.4735107421875,11.445764541625977,26.345441818237305,14.156329154968262,15.073095321655273,16.64982795715332
2001-01-01,17.47455596923828,14.312631607055664,17.954374313354492,19.231538772583008,19.173328399658203,12.389211654663086,22.077327728271484,14.02232551574707,15.646255493164062,16.64982795715332
2001-02-01,16.662626266479492,14.711052894592285,20.3372859954834,21.477214813232422,19.880050659179688,12.36561393737793,27.899742126464844,13.5986967086792,14.826130867004395,16.64982795715332
2001-03-01,16.86225128173828,13.717668533325195,19.61609649658203,19.647926330566406,18.80129051208496,12.471805572509766,21.55345344543457,13.564382553100586,14.648499488830566,16.64982795715332
2001-04-01,15.87539291381836,13.352364540100098,18.197656631469727,19.687929153442383,17.000274658203125,11.901204109191895,18.110889434814453,13.56112289428711,13.577959060668945,16.64982795715332
2001-05-01,17.730073928833008,13.888263702392578,20.093677520751953,20.81942367553711,19.25409507751465,13.246611595153809,22.077327728271484,14.304200172424316,14.184764862060547,16.64982795715332
2001-06-01,17.598350524902344,14.35404109954834,20.478378295898438,21.008010864257812,19.820775985717773,13.714832305908203,21.02959442138672,14.148675918579102,14.424145698547363,16.64982795715332
2001-07-01,16.024084091186523,14.452125549316406,20.452491760253906,21.121536254882812,18.921510696411133,13.269700050354004,21.066999435424805,13.592817306518555,13.889213562011719,16.64982795715332
2001-08-01,15.822911262512207,14.200785636901855,19.882081985473633,21.82457160949707,18.715003967285156,13.037519454956055,20.146488189697266,13.588455200195312,13.989733695983887,16.64982795715332
2001-09-01,15.298839569091797,13.150178909301758,18.80997657775879,20.040496826171875,17.80506706237793,13.043471336364746,16.853605270385742,13.088088035583496,14.073497772216797,16.1931095123291
2001-10-01,13.55360221862793,12.426054954528809,15.854448318481445,17.40144157409668,15.203405380249023,11.534476280212402,14.21928882598877,12.939014434814453,14.15746021270752,15.173060417175293
2001-11-01,14.517144203186035,12.486649513244629,16.46634864807129,18.67527198791504,15.93570327758789,12.067482948303223,16.531801223754883,12.255017280578613,14.27511215209961,14.762404441833496
2001-12-01,13.681360244750977,12.90068244934082,18.13705062866211,20.472286224365234,17.024436950683594,12.983773231506348,18.1033992767334,12.022631645202637,14.56083869934082,15.523168563842773
2002-01-01,14.16538143157959,13.322062492370605,18.720186233520508,21.78784942626953,17.951162338256836,13.005059242248535,18.410247802734375,12.562037467956543,14.229915618896484,15.965859413146973
2002-02-01,13.83930778503418,13.022859573364258,18.38958740234375,22.205533981323242,16.68744468688965,13.149686813354492,17.437349319458008,11.965531349182129,14.19618034362793,15.936174392700195
2002-03-01,14.437996864318848,13.134419441223145,19.636228561401367,22.76750946044922,17.640090942382812,14.113919258117676,16.23244857788086,12.17320442199707,14.758407592773438,16.287002563476562
2002-04-01,15.602270126342773,13.788728713989258,20.20313835144043,22.415996551513672,17.698169708251953,14.25812816619873,16.397083282470703,12.423173904418945,14.688274383544922,17.282997131347656
2002-05-01,15.028379440307617,13.554676055908203,20.63034439086914,22.324748992919922,16.534748077392578,13.677655220031738,14.136971473693848,11.902022361755371,14.372527122497559,17.4373836517334
2002-06-01,14.213139533996582,13.157809257507324,20.19624900817871,21.503538131713867,15.930298805236816,14.11301040649414,13.261359214782715,11.425402641296387,13.690261840820312,17.553512573242188
2002-07-01,14.002031326293945,12.582518577575684,18.278369903564453,20.2933406829834,15.193656921386719,14.007479667663574,11.3380126953125,10.681358337402344,12.708305358886719,17.6899471282959
2002-08-01,11.460623741149902,11.4888277053833,18.009571075439453,17.863317489624023,14.333639144897461,12.415308952331543,10.24537467956543,9.165732383728027,11.933480262756348,16.823421478271484
2002-09-01,11.870701789855957,11.412168502807617,17.926870346069336,18.30513572692871,13.929689407348633,12.062849044799805,10.103182792663574,9.404091835021973,11.87692642211914,16.983736038208008
2002-10-01,11.843128204345703,11.072845458984375,18.09320068359375,17.77126693725586,13.321905136108398,11.48693561553955,9.332345008850098,8.635562896728516,11.600861549377441,16.441537857055664
2002-11-01,12.000460624694824,11.7562255859375,18.756908416748047,18.732290267944336,13.570423126220703,11.676454544067383,11.375432968139648,8.344220161437988,11.851316452026367,15.691967010498047
2002-12-01,12.212037086486816,12.02341079711914,18.97124481201172,19.44923973083496,14.185182571411133,12.568995475769043,12.834782600402832,8.417055130004883,11.287787437438965,16.4527530670166
2003-01-01,12.433178901672363,11.78541088104248,18.92426872253418,18.33172035217285,13.888544082641602,12.541106224060059,11.70630168914795,9.028653144836426,11.628434181213379,16.501468658447266
2003-02-01,11.964215278625488,11.252996444702148,18.28583526611328,17.139162063598633,12.921876907348633,11.6417875289917,10.940885543823242,8.641709327697754,11.06189250946045,15.944295883178711
2003-03-01,12.26413631439209,10.761940002441406,17.86250877380371,16.741653442382812,12.56019401550293,11.2598876953125,10.708266258239746,8.208706855773926,10.598357200622559,16.18470001220703
2003-04-01,12.465673446655273,11.064751625061035,18.85013771057129,17.60793685913086,12.925050735473633,11.496554374694824,10.858345985412598,8.626988410949707,10.650945663452148,16.912755966186523
2003-05-01,12.191579818725586,12.129164695739746,19.260684967041016,19.261550903320312,13.915225982666016,12.313322067260742,11.826363563537598,9.181013107299805,10.990435600280762,17.384897232055664
2003-06-01,13.49077320098877,12.866475105285645,19.448572158813477,20.66252899169922,14.65455436706543,12.907327651977539,12.651809692382812,10.335623741149902,11.519818305969238,18.28758430480957
2003-07-01,13.236159324645996,12.957535743713379,20.579010009765625,20.721921920776367,14.84545612335205,12.867815017700195,12.98949146270752,10.315792083740234,11.751248359680176,18.753490447998047
2003-08-01,12.745928764343262,13.103591918945312,19.853261947631836,21.128232955932617,15.182852745056152,13.770045280456543,13.13957691192627,9.649043083190918,11.520035743713379,19.5318603515625
2003-09-01,13.682321548461914,13.442667007446289,19.70672607421875,22.538827896118164,16.128890991210938,14.466951370239258,14.137608528137207,10.066937446594238,11.965119361877441,19.97559356689453
2003-10-01,13.50763988494873,13.66064739227295,19.81410789489746,21.75461196899414,15.767899513244629,13.886311531066895,14.017547607421875,10.389474868774414,12.000239372253418,20.55522346496582
2003-11-01,13.358172416687012,14.40005111694336,19.541139602661133,23.27450942993164,16.49819564819336,14.987201690673828,15.068109512329102,10.498435974121094,12.429437637329102,20.98000717163086
2003-12-01,13.684791564941406,14.358100891113281,20.339021682739258,23.5278377532959,16.989490509033203,15.75032901763916,15.083123207092285,10.498435974121094,12.441038131713867,21.885644912719727
2004-01-01,15.314384460449219,14.818272590637207,21.22458839416504,24.03080940246582,17.84021759033203,16.711151123046875,15.476840019226074,11.127323150634766,12.534520149230957,22.218589782714844
2004-02-01,15.753682136535645,15.414392471313477,22.039302825927734,24.03080940246582,18.000329971313477,15.975005149841309,16.058732986450195,11.31859016418457,12.738384246826172,23.37936782836914
2004-03-01,16.80467414855957,15.873337745666504,22.053346633911133,24.77743911743164,17.993656158447266,17.164169311523438,15.839577674865723,11.658106803894043,13.559646606445312,23.76479721069336
2004-04-01,16.19477081298828,15.743762969970703,21.221237182617188,24.579437255859375,17.781707763671875,16.617900848388672,15.39371395111084,11.758142471313477,13.32237434387207,25.128040313720703
2004-05-01,17.049184799194336,15.001893043518066,22.009803771972656,24.3173828125,17.87544059753418,15.7844820022583,14.736251831054688,11.300158500671387,13.632196426391602,21.581172943115234
2004-06-01,16.842561721801758,15.09727954864502,21.770427703857422,24.32509994506836,18.10976219177246,16.13804817199707,15.121658325195312,11.343546867370605,13.474358558654785,22.747961044311523
2004-07-01,17.672136306762695,15.116057395935059,21.27327537536621,24.264501571655273,18.939104080200195,16.68307876586914,15.35593032836914,11.418547630310059,13.413330078125,23.56868553161621
2004-08-01,18.171133041381836,14.988237380981445,20.397777557373047,23.62393569946289,18.778100967407227,16.702117919921875,14.728696823120117,11.817320823669434,13.008468627929688,23.95718002319336
2004-09-01,18.22719383239746,15.32379150390625,20.835525512695312,23.51588249206543,18.711000442504883,16.94950294494629,14.146798133850098,12.167463302612305,13.108217239379883,25.566253662109375
2004-10-01,19.943540573120117,15.497852325439453,20.57916259765625,24.416044235229492,19.375686645507812,17.653711318969727,14.81181812286377,12.381927490234375,12.892609596252441,25.943777084350586
2004-11-01,19.66208267211914,15.369324684143066,19.750621795654297,25.188945770263672,19.36221694946289,17.411529541015625,15.204788208007812,12.98508071899414,12.816006660461426,27.274272918701172
2004-12-01,20.607757568359375,16.108341217041016,20.664148330688477,26.54926300048828,20.856800079345703,18.979333877563477,16.179641723632812,13.338151931762695,13.340428352355957,28.67757225036621
2005-01-01,19.761762619018555,16.391611099243164,21.19637680053711,27.18240737915039,20.84012222290039,18.86642074584961,16.130813598632812,13.628836631774902,13.655855178833008,29.23114013671875
2005-02-01,21.575239181518555,16.267683029174805,20.976173400878906,26.21326446533203,20.495040893554688,18.629230499267578,15.444884300231934,14.173393249511719,13.821523666381836,27.0632381439209
2005-03-01,24.292631149291992,16.14374351501465,21.572851181030273,26.345062255859375,20.738630294799805,19.956222534179688,15.560497283935547,14.420920372009277,13.910276412963867,28.12750244140625
2005-04-01,24.900659561157227,15.167936325073242,21.097612380981445,25.544160842895508,20.464984893798828,19.342967987060547,14.943928718566895,14.590238571166992,13.546241760253906,27.441904067993164
2005-05-01,23.398571014404297,15.444206237792969,22.116863250732422,24.232006072998047,20.016849517822266,18.165790557861328,14.527751922607422,15.029197692871094,13.635363578796387,28.868593215942383
2005-06-01,24.073089599609375,15.985921859741211,22.359209060668945,25.707210540771484,20.614360809326172,18.172229766845703,15.706921577453613,15.173848152160645,13.944313049316406,30.372983932495117
2005-07-01,25.83708381652832,16.07537841796875,22.155662536621094,25.550365447998047,20.06669807434082,17.530776977539062,15.390933990478516,16.01692771911621,13.629443168640137,31.79584312438965
2005-08-01,27.349544525146484,16.309703826904297,22.799089431762695,26.942182540893555,20.747392654418945,18.422822952270508,16.230995178222656,16.01692771911621,13.94585132598877,33.91193771362305
2005-09-01,29.544347763061523,16.080833435058594,22.613210678100586,25.791412353515625,20.189226150512695,17.789342880249023,16.030616760253906,16.59023094177246,13.754806518554688,32.79380798339844
2005-10-01,30.524017333984375,16.141618728637695,22.502300262451172,25.237586975097656,20.487579345703125,17.80268669128418,16.084577560424805,17.216928482055664,13.949542999267578,32.91695785522461
2005-11-01,28.009347915649414,16.612987518310547,21.727846145629883,24.809162139892578,20.255231857299805,17.9716796875,15.706921577453613,15.620889663696289,13.823539733886719,31.327960968017578
2005-12-01,29.149789810180664,17.56120491027832,22.280010223388672,26.07882308959961,21.738155364990234,19.66159439086914,16.986289978027344,15.970499992370605,14.123528480529785,33.88395309448242
2006-01-01,30.129396438598633,17.763967514038086,23.10150146484375,25.83618927001953,21.74502944946289,20.255632400512695,16.53620719909668,16.358217239379883,14.134387016296387,34.27121353149414
2006-02-01,32.181880950927734,17.61501121520996,23.25977897644043,26.102380752563477,21.848146438598633,20.85177230834961,16.86211585998535,16.480911254882812,14.104232788085938,36.37809371948242
2006-03-01,30.432415008544922,18.094974517822266,23.40365982055664,26.399898529052734,22.515005111694336,20.661792755126953,17.133703231811523,16.603586196899414,14.242920875549316,37.15326690673828
2006-04-01,31.365497589111328,18.081090927124023,23.068954467773438,26.26438331604004,23.406972885131836,21.559627532958984,17.281147003173828,15.899062156677246,14.354146003723145,38.08631134033203
2006-05-01,33.30363464355469,18.54143714904785,22.17391014099121,26.546297073364258,23.890016555786133,22.198184967041016,16.815555572509766,15.981467247009277,14.43901538848877,36.83173370361328
2006-06-01,31.93891143798828,18.336227416992188,22.21000099182129,26.655916213989258,23.66230010986328,21.39505386352539,16.124927520751953,16.558305740356445,14.554183006286621,37.06165313720703
2006-07-01,33.012454986572266,18.25362777709961,21.95074462890625,26.242023468017578,23.473711013793945,21.525714874267578,15.892130851745605,16.95659637451172,14.827116012573242,38.876930236816406
2006-08-01,33.7951774597168,18.39867401123047,23.102615356445312,25.096288681030273,21.924015045166016,20.312898635864258,15.147193908691406,17.79275131225586,14.900243759155273,39.56312942504883
2006-09-01,32.517494201660156,18.699922561645508,23.885021209716797,26.045839309692383,22.470556259155273,21.33351707458496,16.512916564941406,18.073196411132812,15.637639999389648,40.7841796875
2006-10-01,30.51523208618164,19.378747940063477,23.9884033203125,27.54266357421875,23.232757568359375,21.132020950317383,16.981922149658203,17.92585563659668,15.440362930297852,41.7548942565918
2006-11-01,31.85503387451172,19.75465202331543,24.032020568847656,29.028684616088867,23.69824981689453,22.18528175354004,17.705049514770508,18.852506637573242,15.697603225708008,44.06187057495117
2006-12-01,35.06595230102539,19.900527954101562,24.155588150024414,29.586923599243164,24.261003494262695,23.145227432250977,18.132715225219727,19.224224090576172,15.636357307434082,46.45033264160156
2007-01-01,32.77273941040039,20.87348747253418,24.437400817871094,30.394941329956055,24.674253463745117,23.324264526367188,18.24445152282715,19.451744079589844,16.183523178100586,45.468387603759766
2007-02-01,33.76902770996094,21.099634170532227,25.38572883605957,31.247148513793945,25.24856185913086,24.72600555419922,18.479055404663086,19.49401092529297,16.466686248779297,49.70629119873047
2007-03-01,32.85383987426758,20.302457809448242,24.48118782043457,30.031972885131836,24.709253311157227,24.975358963012695,18.041139602661133,20.418519973754883,16.189680099487305,47.99356460571289
2007-04-01,35.373287200927734,20.041608810424805,24.77040672302246,30.165555953979492,24.994356155395508,25.6687068939209,18.330488204956055,21.591032028198242,16.529830932617188,47.564552307128906
2007-05-01,36.988834381103516,21.052215576171875,26.498403549194336,30.861188888549805,26.271804809570312,25.95209503173828,19.19070053100586,22.30276870727539,16.8824462890625,46.658599853515625
2007-06-01,40.0513801574707,21.585895538330078,26.923072814941406,31.880949020385742,27.570283889770508,27.983203887939453,20.05873680114746,22.10094451904297,17.259807586669922,47.06472396850586
2007-07-01,40.91952896118164,20.830486297607422,26.140697479248047,31.3116455078125,27.669466018676758,27.892372131347656,20.20585823059082,21.472959518432617,16.97400665283203,43.72799301147461
2007-08-01,40.10940170288086,18.992341995239258,24.92603874206543,29.339813232421875,27.93688201904297,26.875640869140625,20.190202713012695,20.783044815063477,16.600536346435547,39.681739807128906
2007-09-01,41.438209533691406,19.414775848388672,25.54440689086914,29.52196502685547,27.86649513244629,26.909543991088867,20.6910457611084,21.045106887817383,16.92420768737793,42.08733367919922
2007-10-01,44.4690055847168,20.11049461364746,26.51254653930664,29.603862762451172,29.428955078125,29.21184539794922,21.375394821166992,21.726787567138672,17.462888717651367,44.07969665527344
2007-11-01,43.50480651855469,18.40251350402832,26.231840133666992,28.342281341552734,28.191251754760742,28.83053207397461,22.026222229003906,22.394641876220703,17.431596755981445,42.10104751586914
2007-12-01,43.09577560424805,17.683670043945312,26.771095275878906,27.350460052490234,27.583019256591797,28.217693328857422,20.465797424316406,23.240224838256836,18.20146369934082,39.141075134277344
2008-01-01,46.57538604736328,16.457805633544922,25.904888153076172,25.731943130493164,27.366806030273438,28.389822006225586,20.575918197631836,22.842056274414062,17.860742568969727,37.12672805786133
2008-02-01,41.800689697265625,17.22382926940918,25.104156494140625,26.267351150512695,26.897781372070312,28.12860870361328,18.63018798828125,21.838071823120117,17.281951904296875,38.53353500366211
2008-03-01,45.11075973510742,14.786498069763184,24.310836791992188,24.972766876220703,26.137392044067383,28.56166648864746,17.440685272216797,20.720121383666992,17.237916946411133,36.161895751953125
2008-04-01,44.329952239990234,15.572637557983398,23.585580825805664,25.68583106994629,27.30276870727539,28.581897735595703,18.162458419799805,21.274110794067383,17.83608055114746,40.46253204345703
2008-05-01,46.97977828979492,16.099136352539062,23.86113739013672,26.614032745361328,27.6596622467041,28.968053817749023,19.541385650634766,22.055776596069336,17.80445098876953,41.53105545043945
2008-06-01,50.82817459106445,14.26810073852539,23.607925415039062,25.59779930114746,27.488359451293945,30.457489013671875,19.691091537475586,22.416526794433594,17.86137580871582,39.92280197143555
2008-07-01,52.34088134765625,11.9924898147583,22.880096435546875,22.582691192626953,24.375625610351562,28.37339210510254,17.977222442626953,22.527637481689453,16.973421096801758,36.19192123413086
2008-08-01,43.822601318359375,12.765628814697266,23.725576400756836,22.68709373474121,24.562084197998047,27.46595001220703,17.463581085205078,20.36903953552246,17.373611450195312,37.13561248779297
2008-09-01,41.56049728393555,12.818747520446777,24.354068756103516,24.975875854492188,25.26487922668457,26.84250831604004,17.874496459960938,20.484676361083984,18.07237434387207,38.366294860839844
2008-10-01,36.79518508911133,12.316000938415527,22.736183166503906,22.48497772216797,21.682283401489258,22.89020538330078,15.596694946289062,18.38265609741211,17.779705047607422,37.08278274536133
2008-11-01,29.437328338623047,9.307010650634766,20.14313316345215,17.98797607421875,17.846250534057617,17.97769546508789,13.202081680297852,16.227184295654297,15.662768363952637,24.747926712036133
2008-12-01,26.553279876708984,6.286104202270508,17.76804542541504,15.070574760437012,15.293691635131836,14.765405654907227,11.219794273376465,15.621652603149414,14.543538093566895,15.625279426574707
2009-01-01,29.792007446289062,7.655948162078857,20.485157012939453,18.392642974853516,17.677453994750977,16.623661041259766,12.746593475341797,16.713502883911133,15.615913391113281,22.190021514892578
2009-02-01,27.427669525146484,5.587754249572754,19.963390350341797,15.509915351867676,14.663263320922852,14.641798973083496,11.885660171508789,16.392845153808594,14.164619445800781,19.02485466003418
2009-03-01,22.645492553710938,4.305716037750244,16.628589630126953,13.699071884155273,11.634505271911621,12.751628875732422,10.984872817993164,13.810722351074219,12.881033897399902,13.608528137207031
2009-04-01,25.89075469970703,5.53385591506958,18.413249969482422,16.336429595947266,13.849078178405762,16.0790958404541,12.866941452026367,14.588927268981934,13.924092292785645,14.899090766906738
2009-05-01,28.2194881439209,6.505033016204834,18.367597579956055,18.924463272094727,16.171951293945312,18.257505416870117,14.004612922668457,15.089446067810059,14.332868576049805,19.254474639892578
2009-06-01,31.993228912353516,7.549499988555908,19.782827377319336,19.781686782836914,17.296640396118164,19.868255615234375,14.541403770446777,15.715092658996582,15.299630165100098,21.432165145874023
2009-07-01,28.861818313598633,7.293734073638916,20.172826766967773,19.046293258666992,16.317001342773438,18.44736671447754,14.719884872436523,16.25092124938965,15.285988807678223,20.053028106689453
2009-08-01,31.160442352294922,8.190103530883789,21.442230224609375,21.14523696899414,18.056007385253906,21.50765609741211,16.071950912475586,16.814674377441406,16.050949096679688,22.283740997314453
2009-09-01,30.176177978515625,8.540055274963379,21.53398895263672,21.063251495361328,18.20400047302246,20.637361526489258,15.782224655151367,16.68236541748047,16.077091217041016,23.802024841308594
2009-10-01,31.491777420043945,8.794391632080078,21.705488204956055,22.1023006439209,19.103933334350586,21.296113967895508,16.35774040222168,16.755775451660156,16.613306045532227,25.644840240478516
2009-11-01,33.51728057861328,8.72664737701416,21.65172576904297,22.275053024291992,19.029539108276367,21.202999114990234,16.745481491088867,16.470993041992188,17.17300796508789,25.6920108795166
2009-12-01,34.7048454284668,9.034577369689941,23.978958129882812,23.911956787109375,20.80006980895996,23.731599807739258,17.852153778076172,17.62175750732422,17.877573013305664,27.74359703063965
2010-01-01,35.64531707763672,9.080474853515625,24.41260528564453,24.81180763244629,21.20476531982422,24.503854751586914,18.864765167236328,18.27791976928711,17.727821350097656,29.173255920410156
2010-02-01,34.123985290527344,8.91357707977295,24.2967529296875,24.216323852539062,20.80792808532715,22.573509216308594,17.186630249023438,17.47810935974121,17.548358917236328,28.125181198120117
2010-03-01,34.34217834472656,9.09902286529541,24.482112884521484,25.638877868652344,21.878637313842773,23.03448486328125,17.81085968017578,17.384014129638672,18.093421936035156,29.42932891845703
2010-04-01,35.60589599609375,9.962347984313965,25.036754608154297,27.403053283691406,23.621553421020508,24.91071891784668,18.754039764404297,17.841367721557617,18.76418113708496,32.30050277709961
2010-05-01,36.8527717590332,10.203967094421387,24.044897079467773,29.4332275390625,24.958904266357422,24.520933151245117,19.28266716003418,18.292293548583984,18.550573348999023,35.60063552856445
2010-06-01,30.733964920043945,8.902918815612793,22.123153686523438,26.41698455810547,21.743249893188477,21.481977462768555,17.428407669067383,16.666576385498047,17.54927635192871,31.90519905090332
2010-07-01,30.24476432800293,8.493245124816895,21.776094436645508,24.415546417236328,20.649723052978516,20.4531192779541,16.584131240844727,16.86635971069336,17.177688598632812,30.802358627319336
2010-08-01,34.04521560668945,9.362434387207031,22.671743392944336,26.693330764770508,23.322490692138672,23.831754684448242,18.265405654907227,18.58717155456543,18.347515106201172,35.03012466430664
2010-09-01,32.45048904418945,8.741583824157715,22.39137077331543,25.961776733398438,22.129558563232422,23.17923927307129,17.318666458129883,18.874967575073242,18.11893653869629,34.49864959716797
2010-10-01,34.870784759521484,9.022564888000488,23.868648529052734,27.896682739257812,23.76006507873535,24.568309783935547,18.86383628845215,19.110990524291992,18.911718368530273,35.09492492675781
2010-11-01,36.40531921386719,9.059906005859375,24.400976181030273,29.347797393798828,24.420284271240234,25.729780197143555,19.96143341064453,19.02619171142578,19.39923667907715,36.80002975463867
2010-12-01,39.63398361206055,9.178128242492676,24.15047836303711,30.79058074951172,25.384044647216797,26.743284225463867,20.035152435302734,18.850526809692383,19.487258911132812,36.05101776123047
2011-01-01,42.393619537353516,10.179388046264648,25.01543617248535,31.75238800048828,26.787508010864258,28.877437591552734,20.937458038330078,19.303007125854492,20.04676628112793,38.17378616333008
2011-02-01,45.833946228027344,10.454169273376465,25.377395629882812,31.559423446655273,28.03078269958496,29.436782836914062,21.726621627807617,19.640153884887695,19.869182586669922,38.911216735839844
2011-03-01,47.517086029052734,10.298040390014648,25.5033016204834,32.4318733215332,27.62653350830078,28.705896377563477,21.414241790771484,19.48690414428711,20.142396926879883,39.402835845947266
2011-04-01,49.483455657958984,10.350044250488281,26.307212829589844,33.079254150390625,29.096200942993164,30.05778694152832,21.453609466552734,19.88334083557129,20.655441284179688,39.97981643676758
2011-05-01,49.124637603759766,10.21229076385498,28.141132354736328,34.24922180175781,29.6018123626709,30.36457061767578,21.973255157470703,20.533327102661133,21.67893409729004,42.3734130859375
2011-06-01,46.563560485839844,9.586153030395508,28.149044036865234,33.2644157409668,27.88576889038086,28.815662384033203,21.371137619018555,20.749998092651367,21.967439651489258,41.73018264770508
2011-07-01,47.22578430175781,9.821667671203613,28.56500816345215,34.64889144897461,29.18656349182129,29.894853591918945,21.630626678466797,21.18663787841797,21.768718719482422,42.30702209472656
2011-08-01,47.39964294433594,9.268684387207031,26.642675399780273,33.314292907714844,26.53045082092285,28.502817153930664,21.35733985900879,20.8051815032959,21.249921798706055,41.60253143310547
2011-09-01,42.29582214355469,8.219282150268555,26.356698989868164,31.34619903564453,24.536434173583984,26.23042106628418,20.01578140258789,21.055309295654297,21.291423797607422,39.36437225341797
2011-10-01,35.23114013671875,7.1157307624816895,24.53410530090332,28.682029724121094,21.987285614013672,21.58159065246582,19.177528381347656,20.73330307006836,20.36374855041504,33.817848205566406
2011-11-01,42.050472259521484,8.112433433532715,26.291105270385742,32.36052322387695,25.091833114624023,25.36385154724121,21.022966384887695,21.554546356201172,21.24852752685547,39.2352409362793
2011-12-01,43.932952880859375,8.036731719970703,27.097728729248047,32.8605842590332,26.152484893798828,25.94632339477539,21.413658142089844,22.179962158203125,22.189035415649414,38.60676193237305
2012-01-01,44.475738525390625,8.46912670135498,28.221466064453125,33.54576873779297,26.8810977935791,26.2259464263916,21.549100875854492,22.57530975341797,22.818445205688477,41.23800277709961
2012-02-01,44.425655364990234,9.06590461730957,29.03260040283203,35.34455871582031,28.53340721130371,28.60251235961914,22.79312515258789,22.230358123779297,22.6778564453125,43.90382385253906
2012-03-01,47.32392883300781,9.472219467163086,29.20929527282715,37.126277923583984,29.11794090270996,28.473012924194336,24.31266975402832,22.345338821411133,23.324588775634766,43.275455474853516
2012-04-01,45.52727508544922,10.139355659484863,30.46253776550293,38.66010665893555,29.488611221313477,28.665552139282227,25.52986717224121,22.7067813873291,24.2748966217041,45.559349060058594
2012-05-01,45.40789031982422,9.929183959960938,30.38988494873047,39.2586784362793,29.065786361694336,28.20677375793457,25.06082534790039,23.106508255004883,24.218368530273438,47.149723052978516
2012-06-01,38.98567581176758,8.59170150756836,28.662546157836914,35.69282150268555,26.39566993713379,25.308868408203125,22.782556533813477,23.022686004638672,23.433937072753906,43.3430061340332
2012-07-01,41.927024841308594,9.426562309265137,30.94321632385254,37.681175231933594,27.818693161010742,26.991260528564453,24.292062759399414,24.219528198242188,24.883216857910156,47.37215042114258
2012-08-01,44.193851470947266,9.336970329284668,31.170440673828125,37.20918655395508,27.983888626098633,26.791362762451172,24.519084930419922,24.4863224029541,25.22476577758789,47.64894485473633
2012-09-01,44.818992614746094,9.701746940612793,31.584321975708008,38.994140625,28.306455612182617,27.05274200439453,25.637414932250977,23.744504928588867,25.381309509277344,48.02873611450195
2012-10-01,46.80827713012695,10.063362121582031,32.915687561035156,40.266937255859375,29.059783935546875,28.53136444091797,25.97128677368164,23.818191528320312,25.839937210083008,46.34526824951172
2012-11-01,45.82514572143555,10.346116065979004,32.915687561035156,40.1291389465332,29.408170700073242,28.38453483581543,24.77235221862793,24.008895874023438,25.37415313720703,46.416648864746094
2012-12-01,44.82302474975586,10.089067459106445,32.744407653808594,40.7147216796875,29.083545684814453,27.835865020751953,24.56127166748047,23.081674575805664,25.725284576416016,46.273895263671875
2013-01-01,46.536766052246094,10.908862113952637,33.34762954711914,41.972564697265625,30.955949783325195,29.99979019165039,25.313982009887695,23.648101806640625,25.941469192504883,48.31248474121094
2013-02-01,49.76884460449219,11.387380599975586,35.46312713623047,43.697208404541016,32.2800178527832,30.79500389099121,25.246042251586914,24.39292335510254,26.934192657470703,49.69397735595703
2013-03-01,49.590362548828125,11.406779289245605,35.89768981933594,44.243202209472656,32.62299346923828,30.023178100585938,25.203590393066406,24.938236236572266,27.695051193237305,49.988609313964844
2013-04-01,50.68345260620117,11.756675720214844,37.938873291015625,45.72297668457031,33.04495620727539,30.405170440673828,25.639175415039062,26.167734146118164,28.946029663085938,51.24367904663086
2013-05-01,49.33873748779297,11.996744155883789,38.564754486083984,47.21810531616211,32.7725715637207,30.412986755371094,26.03139305114746,27.516035079956055,29.7834529876709,54.19914627075195
2013-06-01,52.047386169433594,12.885626792907715,39.832942962646484,49.00007629394531,35.03966522216797,31.70467185974121,27.13131332397461,25.32924461364746,29.484905242919922,51.67811965942383
2013-07-01,50.73976135253906,12.709566116333008,39.492122650146484,49.52333450317383,34.679229736328125,30.42498779296875,26.351375579833984,25.183156967163086,29.28887939453125,50.22407531738281
2013-08-01,53.89250564575195,13.562952041625977,42.47016525268555,52.575477600097656,36.98204803466797,32.168304443359375,27.482561111450195,26.8299560546875,30.586212158203125,50.6291618347168
2013-09-01,52.8694953918457,12.768195152282715,40.98114776611328,50.6569709777832,35.685699462890625,32.081512451171875,26.934099197387695,24.98661994934082,28.937061309814453,46.810726165771484
2013-10-01,53.93565368652344,13.112850189208984,42.55398178100586,53.45569610595703,37.77526092529297,33.44722366333008,27.83086585998535,25.6433162689209,29.533126831054688,49.542236328125
2013-11-01,55.64213943481445,13.485636711120605,44.1238899230957,55.58974075317383,39.6114387512207,34.62053680419922,28.9847354888916,26.724334716796875,31.3549747467041,51.115535736083984
2013-12-01,55.91361999511719,14.041542053222656,45.9180908203125,57.10279846191406,40.59828567504883,35.06447219848633,29.77695655822754,25.910152435302734,31.554121017456055,47.70783615112305
2014-01-01,56.66112518310547,14.284982681274414,45.982078552246094,58.41167449951172,41.894508361816406,36.5776481628418,30.624666213989258,25.85559844970703,31.548728942871094,48.154083251953125
2014-02-01,53.180294036865234,13.489912986755371,45.75688552856445,53.71380615234375,39.54490661621094,34.31198501586914,29.49972152709961,26.823711395263672,29.638717651367188,49.35166549682617
2014-03-01,56.55722427368164,14.146998405456543,49.20991897583008,58.139442443847656,42.04084777832031,37.47114944458008,31.117919921875,27.695005416870117,31.303483963012695,52.76853942871094
2014-04-01,58.46689224243164,14.760019302368164,49.26299285888672,57.802677154541016,43.03240203857422,38.077362060546875,31.96443748474121,28.706714630126953,32.11235046386719,53.40369415283203
2014-05-01,61.03815460205078,14.5093994140625,48.75245666503906,56.454959869384766,43.19570541381836,37.94120407104492,31.712404251098633,30.254663467407227,33.016178131103516,55.39195251464844
2014-06-01,62.12149429321289,14.740228652954102,50.10831832885742,58.0493278503418,44.32255935668945,39.47101974487305,32.816131591796875,29.794471740722656,33.56147384643555,56.66524887084961
2014-07-01,65.66844940185547,15.149492263793945,51.7498664855957,59.604576110839844,44.61501693725586,40.04207992553711,33.82304763793945,30.815776824951172,33.63364791870117,57.21544647216797
2014-08-01,62.84261703491211,14.712491035461426,51.212223052978516,58.01395034790039,42.474090576171875,39.18104934692383,33.866695404052734,29.12097930908203,32.69352340698242,56.95465087890625
2014-09-01,63.917869567871094,15.52690601348877,53.6233024597168,60.930110931396484,44.45916748046875,40.52490234375,35.17631149291992,30.161773681640625,33.95704650878906,58.643104553222656
2014-10-01,58.500205993652344,15.218750953674316,53.31699752807617,58.34101867675781,42.979373931884766,39.144474029541016,34.44209671020508,30.036266326904297,33.929927825927734,55.26753234863281
2014-11-01,56.70111083984375,15.910210609436035,56.782108306884766,60.38027572631836,45.44358825683594,38.85342788696289,35.69598388671875,32.477203369140625,35.48904800415039,61.69672775268555
2014-12-01,52.78660202026367,16.10967445373535,58.544151306152344,62.96926498413086,46.30070114135742,39.33042526245117,36.83586883544922,32.70426940917969,37.07088851928711,62.29878234863281
2015-01-01,52.736549377441406,16.526094436645508,58.0754280090332,63.77339172363281,46.83418273925781,39.57835006713867,36.375247955322266,33.96223831176758,36.85722351074219,64.4792709350586
2015-02-01,51.629173278808594,15.623944282531738,58.94702911376953,62.874202728271484,45.89767074584961,39.14717102050781,35.52910614013672,34.74256134033203,37.04018020629883,67.66826629638672
2015-03-01,52.033653259277344,16.3924560546875,61.6802864074707,68.44757843017578,48.08564758300781,42.16537857055664,38.279075622558594,31.75727081298828,38.19123458862305,65.60521697998047
2015-04-01,51.77967834472656,16.15850830078125,60.90241241455078,67.01589965820312,46.12522888183594,39.948516845703125,36.621482849121094,32.08668899536133,37.428070068359375,66.27898406982422
2015-05-01,55.32467269897461,16.326190948486328,61.67461013793945,68.20399475097656,46.8995246887207,41.85121154785156,38.143680572509766,32.08668899536133,37.43574523925781,63.12984085083008
2015-06-01,52.20028305053711,16.514001846313477,63.84696578979492,68.35588836669922,46.674739837646484,41.34492111206055,38.48883819580078,32.151634216308594,37.42040252685547,63.35477828979492
2015-07-01,49.865577697753906,16.673784255981445,64.02433013916016,69.31690216064453,45.45895004272461,39.917781829833984,37.05295181274414,30.368974685668945,37.2047233581543,60.7386589050293
2015-08-01,45.64517593383789,16.963470458984375,65.16534423828125,71.64688110351562,45.14937210083008,37.399330139160156,37.648555755615234,32.196510314941406,38.879364013671875,63.643455505371094
2015-09-01,43.071224212646484,15.272515296936035,58.44700241088867,65.49037170410156,41.77739715576172,34.487125396728516,34.61712646484375,30.077741622924805,35.7616081237793,58.42191696166992
2015-10-01,41.5136604309082,15.347201347351074,57.171844482421875,67.29336547851562,41.876922607421875,33.30140686035156,35.291133880615234,31.442155838012695,36.65250778198242,61.88667678833008
2015-11-01,47.13275909423828,16.5251522064209,62.26519012451172,73.167236328125,46.18407440185547,37.582645416259766,39.32747268676758,32.19182586669922,38.974849700927734,66.52568817138672
2015-12-01,46.415130615234375,16.80948829650879,61.79515838623047,73.4101333618164,46.268192291259766,37.98685073852539,39.604312896728516,31.72144317626953,38.71076965332031,65.696533203125
2016-01-01,41.192867279052734,15.920217514038086,60.700984954833984,69.38726043701172,44.26397705078125,35.52054214477539,37.93647003173828,32.071659088134766,39.00374221801758,65.35460662841797
2016-02-01,39.102500915527344,14.734892845153809,57.13084411621094,67.34591674804688,42.207340240478516,32.35410690307617,37.146690368652344,34.04689407348633,39.84876251220703,63.57771682739258
2016-03-01,39.66267776489258,14.85069465637207,58.05769729614258,69.01690673828125,44.97491455078125,35.62858200073242,37.86467742919922,34.210262298583984,40.22431564331055,64.86343383789062
2016-04-01,42.00987243652344,15.532438278198242,59.04113006591797,72.04000854492188,47.40895462036133,37.7287483215332,40.32015609741211,37.265594482421875,42.16913604736328,69.470703125
2016-05-01,46.392486572265625,16.093523025512695,60.45366668701172,72.83815002441406,48.02145004272461,39.42170715332031,38.28159713745117,36.51744079589844,41.6028938293457,68.58716583251953
2016-06-01,46.020973205566406,16.28510856628418,61.676700592041016,71.82235717773438,47.61310577392578,39.196537017822266,39.76089859008789,36.86906433105469,41.838829040527344,68.72588348388672
2016-07-01,47.508243560791016,15.643003463745117,62.40059280395508,71.78597259521484,48.06380081176758,38.85612106323242,39.401573181152344,39.5843391418457,43.42762756347656,73.29066467285156
2016-08-01,45.12591552734375,16.22772789001465,65.44451141357422,74.40728759765625,49.58638000488281,40.58269119262695,42.18424987792969,39.335426330566406,43.32477569580078,76.56652069091797
2016-09-01,47.30740737915039,16.826202392578125,62.75511932373047,73.4698257446289,50.159488677978516,40.86766052246094,42.72809600830078,36.944374084472656,43.03995132446289,73.64401245117188
2016-10-01,49.160972595214844,16.345056533813477,62.54669952392578,73.08297729492188,50.25300598144531,40.1768913269043,43.35991287231445,36.74213790893555,42.088504791259766,70.8311996459961
2016-11-01,47.81629943847656,16.727943420410156,58.16278076171875,70.85367584228516,48.78232955932617,39.157508850097656,42.78650665283203,36.917083740234375,41.84969711303711,66.70526123046875
2016-12-01,51.98270797729492,19.4847354888916,59.24789810180664,74.81893920898438,54.02865982055664,42.089271545410156,42.34053421020508,35.281578063964844,40.0027961730957,66.31195831298828
2017-01-01,53.350181579589844,20.094602584838867,60.894134521484375,75.25270080566406,54.160484313964844,42.39266586303711,44.602569580078125,37.21302795410156,41.62446594238281,70.58721160888672
2017-02-01,50.68163299560547,19.949298858642578,62.0189208984375,77.8168716430664,54.74892044067383,44.28376388549805,46.129234313964844,37.1208610534668,41.84904098510742,68.82894897460938
2017-03-01,50.99680709838867,21.57327651977539,66.0384292602539,80.2707748413086,57.95061492919922,45.174190521240234,48.53351974487305,39.40971755981445,44.399436950683594,71.92288970947266
2017-04-01,49.16773223876953,20.312040328979492,65.12275695800781,80.75060272216797,56.43210220336914,44.41459274291992,48.87643051147461,39.70146942138672,43.93156051635742,70.32737731933594
2017-05-01,47.66692352294922,20.312040328979492,66.21659851074219,83.12883758544922,57.492576599121094,45.171714782714844,50.280521392822266,39.7711296081543,44.31855010986328,70.45654296875
2017-06-01,46.39862060546875,20.191953659057617,67.3104248046875,84.72356414794922,59.05725860595703,45.69914627075195,52.00579833984375,41.9612922668457,46.03582000732422,69.83363342285156
2017-07-01,46.945068359375,21.552139282226562,69.73894500732422,82.79058837890625,59.85205841064453,46.391868591308594,50.0684928894043,40.35126495361328,44.59528732299805,72.34019470214844
2017-08-01,47.25723648071289,21.758790969848633,70.02882385253906,84.62135314941406,59.48524856567383,46.73374938964844,52.93402099609375,41.755584716796875,44.8958854675293,72.21762084960938
2017-09-01,45.10755920410156,21.328266143798828,71.36426544189453,83.2806625366211,59.843345642089844,47.374752044677734,54.159461975097656,42.754234313964844,44.6602897644043,71.58944702148438
2017-10-01,49.2093391418457,22.549898147583008,72.79971313476562,83.74231719970703,62.72273254394531,49.33989715576172,54.73208999633789,41.775333404541016,44.04948043823242,71.26663970947266
2017-11-01,49.36747741699219,23.034099578857422,71.69747924804688,85.38469696044922,62.72273254394531,50.94674301147461,58.218135833740234,43.08818435668945,43.542598724365234,71.08902740478516
2017-12-01,50.08628845214844,23.846864700317383,73.45223999023438,89.64371490478516,64.56521606445312,50.7577018737793,58.72671890258789,44.346012115478516,45.93800735473633,73.01202392578125
2018-01-01,53.14773941040039,24.252960205078125,74.02031707763672,93.281982421875,67.14775848388672,53.00990295410156,60.08727264404297,41.41096115112305,46.56770706176758,72.66154479980469
2018-02-01,54.717933654785156,26.077138900756836,78.02188110351562,99.25932312011719,70.20874786376953,53.614356994628906,63.58633804321289,39.86369323730469,47.41603088378906,68.39828491210938
2018-03-01,48.22007369995117,24.64385223388672,73.30323791503906,95.8517074584961,66.29208374023438,50.96342849731445,62.221988677978516,38.93534851074219,43.89091873168945,65.11529541015625
2018-04-01,48.140724182128906,23.50429344177246,70.67340850830078,91.91313171386719,64.4424819946289,48.28038787841797,59.455955505371094,40.09343719482422,42.522377014160156,66.52114868164062
2018-05-01,53.46056365966797,23.940202713012695,73.04545593261719,96.96497344970703,63.671939849853516,49.37253952026367,61.709068298339844,41.100975036621094,41.42080307006836,69.08838653564453
2018-06-01,55.66136169433594,23.957637786865234,74.05828857421875,99.4861831665039,66.65669250488281,51.201473236083984,66.18733215332031,40.1494140625,41.130916595458984,71.50692749023438
2018-07-01,54.892822265625,23.39596939086914,74.65365600585938,102.47198486328125,63.838340759277344,50.29903793334961,65.48743438720703,42.218929290771484,42.759803771972656,73.62297821044922
2018-08-01,55.795223236083984,24.47295379638672,79.31727600097656,103.66101837158203,67.47531127929688,51.483367919921875,66.86090850830078,42.31574249267578,44.33731460571289,74.88690948486328
2018-09-01,54.49663162231445,24.928264617919922,82.07266998291016,109.69979858398438,68.50685119628906,51.256961822509766,70.36466217041016,43.33228302001953,44.82978057861328,75.89804077148438
2018-10-01,56.72550582885742,24.352861404418945,85.59735870361328,109.73657989501953,70.6695556640625,51.194786071777344,70.95951843261719,42.71244812011719,45.29772186279297,73.85690307617188
2018-11-01,50.03282165527344,23.218326568603516,80.40530395507812,100.9753189086914,63.53916549682617,47.3274040222168,65.728271484375,43.51020050048828,46.56696701049805,72.93726348876953
2018-12-01,49.92200469970703,23.869140625,85.40936279296875,103.30411529541016,65.56747436523438,48.622352600097656,65.10012817382812,45.70810317993164,47.33188247680664,76.92760467529297
2019-01-01,43.603843688964844,21.256874084472656,76.6157455444336,94.04610443115234,58.20473861694336,44.72023010253906,58.3962287902832,42.69758987426758,42.81969451904297,67.79984283447266
2019-02-01,48.38325881958008,23.05335807800293,81.60655212402344,101.05052185058594,64.62399291992188,47.124454498291016,62.774539947509766,44.78279495239258,45.14390182495117,77.03793334960938
2019-03-01,49.54642868041992,23.61973762512207,83.5848617553711,104.73656463623047,68.69671630859375,48.419044494628906,67.17166900634766,46.90085983276367,46.009117126464844,77.8394775390625
2019-04-01,50.34080505371094,23.42899513244629,82.93939971923828,108.87773895263672,69.24639892578125,49.82221984863281,70.85542297363281,47.77798843383789,47.69404983520508,80.7160415649414
2019-05-01,48.687591552734375,24.718751907348633,80.42119598388672,112.197998046875,70.07831573486328,49.892982482910156,74.16157531738281,48.05918884277344,48.61518096923828,80.67536163330078
2019-06-01,44.72734832763672,23.28667640686035,78.96797180175781,104.06290435791016,65.59329986572266,48.12403869628906,66.71800994873047,48.65465545654297,48.02668762207031,80.24382781982422
2019-07-01,48.358497619628906,24.9698543548584,84.39006805419922,114.14151763916016,70.37397003173828,52.45136260986328,75.15351867675781,49.584922790527344,50.2060661315918,81.00799560546875
2019-08-01,46.47025680541992,24.68377113342285,82.72222137451172,113.03093719482422,69.30233001708984,51.614986419677734,76.17730712890625,50.151798248291016,50.893585205078125,82.19047546386719
2019-09-01,43.37629699707031,23.816572189331055,81.64353942871094,113.04044342041016,67.8674545288086,50.04011154174805,74.47100830078125,53.09455490112305,52.48347091674805,84.97423553466797
2019-10-01,44.25511932373047,24.62989616394043,81.23626708984375,113.98686981201172,69.17659759521484,50.81929397583008,75.86309814453125,54.26124954223633,52.958213806152344,85.72491455078125
2019-11-01,45.364749908447266,26.166454315185547,86.35166931152344,115.85345458984375,73.23938751220703,52.76872634887695,80.5130386352539,53.8411979675293,52.86312484741211,87.61298370361328
2019-12-01,45.06630325317383,26.921255111694336,90.15633392333984,115.65345764160156,73.66848754882812,53.15324401855469,82.63355255126953,52.62308120727539,53.71895980834961,85.01277160644531
2020-01-01,48.211849212646484,28.06983184814453,93.95231628417969,121.26131439208984,76.1633529663086,54.5792121887207,89.09463500976562,54.0246467590332,54.45532989501953,84.12165069580078
2020-02-01,41.97248840332031,27.247966766357422,92.0296630859375,120.59243774414062,74.39253234863281,52.906768798828125,92.14746856689453,58.58807373046875,55.0654296875,85.84696197509766
2020-03-01,37.48395538330078,25.24298095703125,89.18708038330078,114.4773178100586,69.41039276123047,49.435997009277344,89.18049621582031,55.74333953857422,53.24385452270508,81.58395385742188
2020-04-01,22.472900390625,17.80626106262207,78.76756286621094,89.96385192871094,52.10367202758789,38.93141174316406,73.40090942382812,44.534889221191406,46.939552307128906,56.652984619140625
2020-05-01,29.169204711914062,20.092382431030273,90.43341827392578,107.76458740234375,57.577579498291016,45.9736442565918,85.2540054321289,47.78436279296875,50.50713348388672,63.50103759765625
2020-06-01,32.09019470214844,21.567890167236328,94.27887725830078,120.37107849121094,62.709346771240234,50.53569793701172,93.92325592041016,51.6495246887207,52.27778244018555,66.97581481933594
2020-07-01,30.433269500732422,21.02717399597168,93.61070251464844,124.14480590820312,63.51715087890625,51.39586639404297,100.6442642211914,49.795738220214844,51.8459358215332,68.21844482421875
2020-08-01,29.79872703552246,22.090450286865234,98.97634887695312,131.56460571289062,66.89778137207031,54.62688064575195,108.80851745605469,51.88241958618164,55.23814392089844,67.85161590576172
2020-09-01,29.180660247802734,23.034563064575195,99.5982894897461,145.9519500732422,72.99966430664062,58.940975189208984,121.07893371582031,50.50279998779297,57.99431228637695,69.21649169921875
2020-10-01,24.316614151000977,22.221158981323242,97.97191619873047,143.6011962890625,71.55853271484375,57.37135314941406,113.65629577636719,52.16338348388672,57.28214645385742,68.26962280273438
2020-11-01,24.877832412719727,22.405492782592773,96.45274353027344,138.86593627929688,72.64938354492188,59.694000244140625,107.11236572265625,55.442073822021484,56.20689392089844,66.5805892944336
2020-12-01,30.9339542388916,26.09212875366211,103.13520050048828,152.7920379638672,81.87041473388672,65.628662109375,120.52790069580078,55.033329010009766,59.983642578125,73.60118103027344
2021-01-01,32.22197341918945,26.94556427001953,105.70350646972656,154.03182983398438,80.89839172363281,65.89224243164062,123.55206298828125,53.60403060913086,59.78688049316406,72.41771697998047
2021-02-01,33.614078521728516,27.177217483520508,108.06182861328125,160.6020050048828,80.1868667602539,65.68087005615234,127.66728210449219,54.77048110961914,57.48393630981445,76.28020477294922
2021-03-01,41.932716369628906,30.87435531616211,106.76101684570312,159.3555908203125,87.00251770019531,69.30171966552734,130.31410217285156,52.31479263305664,57.29575729370117,79.40658569335938
2021-04-01,43.158267974853516,32.081512451171875,109.30085754394531,163.953857421875,92.7640151977539,73.35971069335938,131.15065002441406,56.53131866455078,61.245330810546875,84.40353393554688
2021-05-01,43.53572082519531,33.915000915527344,115.23591613769531,172.32481384277344,96.7082290649414,77.78031158447266,134.8582763671875,58.943485260009766,63.20037078857422,89.15422821044922
2021-06-01,46.512454986572266,35.5716667175293,114.16535949707031,166.94418334960938,99.1029052734375,81.65641784667969,133.31906127929688,57.22051239013672,63.578758239746094,92.00990295410156
2021-07-01,47.49909973144531,34.553924560546875,119.79603576660156,174.02450561523438,97.15533447265625,76.70912170410156,143.44590759277344,56.91694641113281,63.257232666015625,92.79200744628906
2021-08-01,42.481407165527344,34.13343811035156,124.75492858886719,175.3716583251953,96.70315551757812,76.93157196044922,148.23680114746094,59.19647979736328,64.57205963134766,96.79203796386719
2021-09-01,41.32880401611328,35.675193786621094,127.50775909423828,177.9787139892578,98.07858276367188,79.1468276977539,154.104248046875,61.832183837890625,65.86875915527344,100.14154052734375
2021-10-01,47.22533416748047,35.80149459838867,120.46412658691406,175.4884033203125,93.7359390258789,74.81954193115234,147.25405883789062,57.31203079223633,62.97626876831055,94.1107177734375
2021-11-01,51.277740478515625,37.80036926269531,126.45281219482422,198.8221435546875,99.028564453125,79.42766571044922,156.69725036621094,60.245826721191406,65.11136627197266,100.85363006591797
2021-12-01,47.374454498291016,35.229042053222656,122.51712036132812,194.85232543945312,93.91552734375,78.00331115722656,161.6714324951172,59.11537551879883,63.82484817504883,97.84700775146484
2022-01-01,50.8399658203125,37.274269104003906,132.4281005859375,204.43710327148438,99.5539321899414,83.67572784423828,170.8446502685547,64.0831298828125,70.83099365234375,107.85924530029297
2022-02-01,60.65788269042969,37.34027862548828,124.96334838867188,180.87400817871094,96.88815307617188,80.23251342773438,158.06439208984375,61.7863655090332,69.72858428955078,100.90715789794922
2022-03-01,63.34115219116211,34.98293685913086,122.74101257324219,169.8603973388672,93.349609375,76.21855926513672,146.96804809570312,60.89115905761719,68.4056625366211,97.13368225097656
2022-04-01,69.12272644042969,36.180030822753906,131.53604125976562,180.33409118652344,97.2580795288086,83.66211700439453,154.52406311035156,68.72590637207031,70.73700714111328,106.50664520263672
2022-05-01,68.48583984375,32.677513122558594,123.3525390625,160.89193725585938,90.74755859375,79.6142349243164,140.00390625,64.20181274414062,70.70931243896484,96.97338104248047
2022-06-01,79.49202728271484,33.037235260009766,124.16231536865234,148.88783264160156,89.58633422851562,79.98992156982422,136.55186462402344,67.55162811279297,67.83000946044922,92.15770721435547
2022-07-01,65.83427429199219,30.339292526245117,124.06462860107422,136.62451171875,84.2244644165039,70.09381103515625,124.56819152832031,65.9267807006836,68.07901000976562,86.96001434326172
2022-08-01,69.66205596923828,31.814388275146484,125.7292709350586,159.68316650390625,91.52837371826172,73.29020690917969,140.70016479492188,67.92705535888672,70.12452697753906,92.18482208251953
2022-09-01,71.2221908569336,31.547916412353516,121.31888580322266,153.13539123535156,88.9662857055664,70.37751007080078,131.5978240966797,69.19329071044922,68.3579330444336,87.3017349243164
2022-10-01,69.77053833007812,29.829214096069336,118.71923828125,139.4334716796875,81.97640991210938,66.78124237060547,120.02420043945312,62.29020690917969,63.52450180053711,77.80860900878906
2022-11-01,83.32303619384766,32.59402084350586,127.58477020263672,139.4139404296875,90.54485321044922,70.63289642333984,124.27787017822266,61.929935455322266,67.85741424560547,79.75314331054688
2022-12-01,83.30467987060547,34.53606414794922,133.91453552246094,142.91465759277344,97.73963928222656,78.792724609375,133.44190979003906,65.92990112304688,71.90958404541016,84.19649505615234
2023-01-01,78.18746185302734,33.039066314697266,130.64686584472656,125.89190673828125,94.99211120605469,74.2779312133789,121.1551742553711,65.6590805053711,70.00289916992188,80.07791900634766
2023-02-01,81.6706771850586,35.19546127319336,129.2291259765625,148.57186889648438,99.01688385009766,81.56214141845703,136.7836456298828,64.45765686035156,70.05945587158203,89.34031677246094
2023-03-01,79.05824279785156,34.27128982543945,122.44889068603516,140.91383361816406,97.8393783569336,78.93944549560547,133.205810546875,59.54021072387695,67.39205169677734,83.33402252197266
2023-04-01,81.0440673828125,31.16171646118164,126.75099182128906,145.73040771484375,98.2311019897461,78.03302001953125,148.5225372314453,63.07511901855469,71.1255111694336,81.70122528076172
2023-05-01,78.78814697265625,32.00340270996094,129.95582580566406,143.98953247070312,97.4364242553711,77.39854431152344,148.6702880859375,64.82954406738281,73.39848327636719,82.247802734375
2023-06-01,72.58207702636719,31.0552921295166,124.5821762084961,150.87429809570312,95.06204223632812,73.0820541381836,163.4762725830078,60.466922760009766,68.76728820800781,80.47834777832031
2023-07-01,76.82861328125,32.943878173828125,127.98246765136719,169.37033081054688,104.4424819946289,80.35755157470703,171.26185607910156,62.35298538208008,71.29625701904297,85.58885192871094
2023-08-01,82.2206039428711,34.33353805541992,129.7421875,169.28167724609375,107.76043701171875,82.44425201416016,176.3555908203125,62.655616760253906,71.85899353027344,86.6646728515625
2023-09-01,85.68620300292969,33.71159362792969,129.8588409423828,167.21206665039062,105.86307525634766,80.975830078125,173.93702697753906,59.241485595703125,68.80684661865234,84.21365356445312
2023-10-01,84.27327728271484,32.105228424072266,125.500732421875,159.0584716796875,98.07801818847656,75.24091339111328,163.91140747070312,53.572044372558594,65.6241683959961,76.9083023071289
2023-11-01,80.84869384765625,31.792871475219727,121.8302001953125,152.01925659179688,96.40740203857422,73.87217712402344,165.38539123535156,57.55729675292969,65.09603881835938,75.397705078125
2023-12-01,80.87723541259766,35.30697250366211,128.6929168701172,168.91139221191406,106.2357177734375,80.90994262695312,183.587890625,60.570064544677734,68.13044738769531,84.99944305419922
2024-01-01,81.38513946533203,37.0415153503418,136.08409118652344,175.2070770263672,110.84445190429688,83.46941375732422,185.83700561523438,61.83359146118164,70.47559356689453,92.15650939941406
2024-02-01,80.09819030761719,38.08134460449219,139.43765258789062,172.29934692382812,112.77960968017578,81.70013427734375,198.4581298828125,60.26488494873047,71.99463653564453,88.87511444091797
2024-03-01,83.69012451171875,39.52337646484375,143.49722290039062,182.99078369140625,119.3709487915039,85.98161315917969,208.95758056640625,59.39874267578125,72.04300689697266,89.87007141113281
2024-04-01,92.0827865600586,41.24764633178711,144.1433563232422,180.9114227294922,123.15902709960938,90.91107177734375,207.40586853027344,63.31478500366211,73.83071899414062,89.12324523925781
2024-05-01,89.10081481933594,39.74110794067383,138.346923828125,172.98191833496094,119.44425964355469,87.3990249633789,192.91671752929688,65.50775146484375,73.11920928955078,83.88805389404297
2024-06-01,87.8712387084961,40.74546813964844,142.41131591796875,174.33982849121094,120.21282958984375,89.2629623413086,209.23313903808594,69.75785064697266,75.35118865966797,87.78558349609375
2024-07-01,89.00630950927734,40.72885513305664,143.18667602539062,181.79727172851562,119.20201873779297,85.70598602294922,226.76095581054688,66.19243621826172,74.67290496826172,89.75328826904297
2024-08-01,88.557373046875,42.62689971923828,149.3417205810547,181.6681365966797,124.07649230957031,90.45703125,209.55044555664062,72.48204040527344,77.15742492675781,96.82783508300781
2024-09-01,86.8689956665039,44.880828857421875,155.01268005371094,183.31703186035156,127.1020278930664,90.82173919677734,209.12266540527344,74.5166244506836,81.59615325927734,101.65756225585938
2024-10-01,88.36373901367188,44.726112365722656,151.931640625,198.63575744628906,134.4186248779297,95.18746948242188,219.5142822265625,80.1917495727539,81.66448974609375,103.66921997070312
2024-11-01,86.6220474243164,46.27386474609375,146.5072784423828,199.16331481933594,132.9307098388672,92.2072982788086,223.15191650390625,76.94192504882812,79.12728881835938,100.03530883789062
2024-12-01,93.00823974609375,50.430973052978516,145.9221954345703,223.2014617919922,141.77886962890625,93.78153991699219,235.15115356445312,79.91600036621094,82.05938720703125,104.30589294433594
2025-01-01,85.98934936523438,48.0355224609375,137.07965087890625,220.79225158691406,130.89791870117188,82.81523895263672,231.5634307861328,75.73247528076172,77.95706176757812,97.35206604003906
2025-02-01,87.50750732421875,51.074485778808594,146.87176513671875,228.47113037109375,136.56051635742188,88.45833587646484,227.30091857910156,77.74817657470703,78.8722152709961,98.85269927978516
2025-03-01,87.14037322998047,51.55274963378906,149.00350952148438,211.3981170654297,133.97845458984375,86.56735229492188,218.2867431640625,78.77091979980469,83.07991790771484,103.4142074584961
